{"cameraMode":{"drawMode":0,"name":"Shaded","section":"Shading Mode"},"sceneLighting":true,"audioPlay":false,"sceneViewState":{"m_AlwaysRefresh":false,"showFog":true,"showSkybox":true,"showFlares":true,"showImageEffects":true,"showParticleSystems":true,"showVisualEffectGraphs":true,"m_FxEnabled":true},"in2DMode":false,"pivot":{"x":4.473163604736328,"y":1.5275336503982545,"z":-12.773058891296387},"rotation":{"x":0.18912093341350556,"y":-0.5895209908485413,"z":0.1472335159778595,"w":0.7725245952606201},"size":1.1583255529403687,"orthographic":false}