{"cameraMode":{"drawMode":0,"name":"Shaded","section":"Shading Mode"},"sceneLighting":false,"audioPlay":false,"sceneViewState":{"m_AlwaysRefresh":false,"showFog":true,"showSkybox":false,"showFlares":true,"showImageEffects":true,"showParticleSystems":true,"showVisualEffectGraphs":true,"m_FxEnabled":true},"in2DMode":false,"pivot":{"x":-0.01561516523361206,"y":0.033080603927373889,"z":-0.025470955297350885},"rotation":{"x":0.1678098738193512,"y":0.4110356271266937,"z":-0.07726923376321793,"w":0.8927177786827087},"size":0.27687907218933108,"orthographic":true}